question,answer,source,focus_area
What is (are) Glaucoma ?,"Glaucoma is a group of diseases that can damage the eye's optic nerve and result in vision loss and blindness. While glaucoma can strike anyone, the risk is much greater for people over 60. How Glaucoma Develops  There are several different types of glaucoma. Most of these involve the drainage system within the eye. At the front of the eye there is a small space called the anterior chamber. A clear fluid flows through this chamber and bathes and nourishes the nearby tissues. (Watch the video to learn more about glaucoma. To enlarge the video, click the brackets in the lower right-hand corner. To reduce the video, press the Escape (Esc) button on your keyboard.) In glaucoma, for still unknown reasons, the fluid drains too slowly out of the eye. As the fluid builds up, the pressure inside the eye rises. Unless this pressure is controlled, it may cause damage to the optic nerve and other parts of the eye and result in loss of vision. Open-angle Glaucoma The most common type of glaucoma is called open-angle glaucoma. In the normal eye, the clear fluid leaves the anterior chamber at the open angle where the cornea and iris meet. When fluid reaches the angle, it flows through a spongy meshwork, like a drain, and leaves the eye. Sometimes, when the fluid reaches the angle, it passes too slowly through the meshwork drain, causing the pressure inside the eye to build. If the pressure damages the optic nerve, open-angle glaucoma -- and vision loss -- may result. There is no cure for glaucoma. Vision lost from the disease cannot be restored. However, there are treatments that may save remaining vision. That is why early diagnosis is important.  See this graphic for a quick overview of glaucoma,  including how many people it affects, whos at risk, what to do if you have it, and how to learn more.  See a glossary of glaucoma terms.",NIHSeniorHealth,Glaucoma
What causes Glaucoma ?,"Nearly 2.7 million people have glaucoma, a leading cause of blindness in the United States. Although anyone can get glaucoma, some people are at higher risk. They include - African-Americans over age 40  - everyone over age 60, especially Hispanics/Latinos  - people with a family history of glaucoma. African-Americans over age 40 everyone over age 60, especially Hispanics/Latinos people with a family history of glaucoma.  In addition to age, eye pressure is a risk factor. Whether you develop glaucoma depends on the level of pressure your optic nerve can tolerate without being damaged. This level is different for each person. Thats why a comprehensive dilated eye exam is very important. It can help your eye care professional determine what level of eye pressure is normal for you. Another risk factor for optic nerve damage relates to blood pressure. Thus, it is important to also make sure that your blood pressure is at a proper level for your body by working with your medical doctor. (Watch the animated video to learn more about the causes of glaucoma. To enlarge the video, click the brackets in the lower right-hand corner. To reduce the video, press the Escape (Esc) button on your keyboard.)",NIHSeniorHealth,Glaucoma
What are the symptoms of Glaucoma ?,"Symptoms of Glaucoma  Glaucoma can develop in one or both eyes. The most common type of glaucoma, open-angle glaucoma, has no symptoms at first. It causes no pain, and vision seems normal. Without treatment, people with glaucoma will slowly lose their peripheral, or side vision. They seem to be looking through a tunnel. Over time, straight-ahead vision may decrease until no vision remains. Tests for Glaucoma Glaucoma is detected through a comprehensive eye exam that includes a visual acuity test, visual field test, dilated eye exam, tonometry, and pachymetry. (Watch the animated video to learn more about testing for glaucoma. To enlarge the video, click the brackets in the lower right-hand corner. To reduce the video, press the Escape (Esc) button on your keyboard.)  A visual acuity test uses an eye chart test to measure how well you see at various distances. A visual field test measures your side or peripheral vision. It helps your eye care professional tell if you have lost side vision, a sign of glaucoma. In a dilated eye exam, drops are placed in your eyes to widen, or dilate, the pupils. Your eye care professional uses a special magnifying lens to examine your retina and optic nerve for signs of damage and other eye problems. After the exam, your close-up vision may remain blurred for several hours. In tonometry, an instrument measures the pressure inside the eye. Numbing drops may be applied to your eye for this test. With pachymetry,  a numbing drop is applied to your eye. Your eye care professional uses an ultrasonic wave instrument to measure the thickness of your cornea.",NIHSeniorHealth,Glaucoma
What are the treatments for Glaucoma ?,"Although open-angle glaucoma cannot be cured, it can usually be controlled. While treatments may save remaining vision, they do not improve sight already lost from glaucoma. The most common treatments for glaucoma are medication and surgery. Medications  Medications for glaucoma may be either in the form of eye drops or pills. Some drugs reduce pressure by slowing the flow of fluid into the eye. Others help to improve fluid drainage. (Watch the video to learn more about coping with glaucoma. To enlarge the video, click the brackets in the lower right-hand corner. To reduce the video, press the Escape (Esc) button on your keyboard.) For most people with glaucoma, regular use of medications will control the increased fluid pressure. But, these drugs may stop working over time. Or, they may cause side effects. If a problem occurs, the eye care professional may select other drugs, change the dose, or suggest other ways to deal with the problem.  Read or listen to ways some patients are coping with glaucoma. Surgery Laser surgery is another treatment for glaucoma. During laser surgery, a strong beam of light is focused on the part of the anterior chamber where the fluid leaves the eye. This results in a series of small changes that makes it easier for fluid to exit the eye. Over time, the effect of laser surgery may wear off. Patients who have this form of surgery may need to keep taking glaucoma drugs. Researching Causes and Treatments Through studies in the laboratory and with patients, NEI is seeking better ways to detect, treat, and prevent vision loss in people with glaucoma. For example, researchers have discovered genes that could help explain how glaucoma damages the eye. NEI also is supporting studies to learn more about who is likely to get glaucoma, when to treat people who have increased eye pressure, and which treatment to use first.",NIHSeniorHealth,Glaucoma
What is (are) Glaucoma ?,"Glaucoma is a group of diseases that can damage the eye's optic nerve and result in vision loss and blindness. The most common form of the disease is open-angle glaucoma. With early treatment, you can often protect your eyes against serious vision loss. (Watch the video to learn more about glaucoma. To enlarge the video, click the brackets in the lower right-hand corner. To reduce the video, press the Escape (Esc) button on your keyboard.)  See this graphic for a quick overview of glaucoma, including how many people it affects, whos at risk, what to do if you have it, and how to learn more.  See a glossary of glaucoma terms.",NIHSeniorHealth,Glaucoma
What is (are) Glaucoma ?,The optic nerve is a bundle of more than 1 million nerve fibers. It connects the retina to the brain.,NIHSeniorHealth,Glaucoma
What is (are) Glaucoma ?,"Open-angle glaucoma is the most common form of glaucoma. In the normal eye, the clear fluid leaves the anterior chamber at the open angle where the cornea and iris meet. When the fluid reaches the angle, it flows through a spongy meshwork, like a drain, and leaves the eye. Sometimes, when the fluid reaches the angle, it passes too slowly through the meshwork drain, causing the pressure inside the eye to build. If the pressure damages the optic nerve, open-angle glaucoma -- and vision loss -- may result.",NIHSeniorHealth,Glaucoma
Who is at risk for Glaucoma? ?,"Anyone can develop glaucoma. Some people are at higher risk than others. They include - African-Americans over age 40  - everyone over age 60, especially Hispanics/Latinos  - people with a family history of glaucoma. African-Americans over age 40 everyone over age 60, especially Hispanics/Latinos people with a family history of glaucoma.  See this graphic for a quick overview of glaucoma, including how many people it affects, whos at risk, what to do if you have it, and how to learn more.",NIHSeniorHealth,Glaucoma
How to prevent Glaucoma ?,"At this time, we do not know how to prevent glaucoma. However, studies have shown that the early detection and treatment of glaucoma, before it causes major vision loss, is the best way to control the disease. So, if you fall into one of the higher risk groups for the disease, make sure to have a comprehensive dilated eye exam at least once every one to two years.  Get tips on finding an eye care professional. Learn what a comprehensive dilated eye exam involves.",NIHSeniorHealth,Glaucoma
What are the symptoms of Glaucoma ?,"At first, open-angle glaucoma has no symptoms. It causes no pain. Vision seems normal. Without treatment, people with glaucoma will slowly lose their peripheral, or side vision. They seem to be looking through a tunnel. Over time, straight-ahead vision may decrease until no vision remains.",NIHSeniorHealth,Glaucoma
What are the treatments for Glaucoma ?,"Yes. Immediate treatment for early stage, open-angle glaucoma can delay progression of the disease. That's why early diagnosis is very important. Glaucoma treatments include medicines, laser surgery, conventional surgery, or a combination of any of these. While these treatments may save remaining vision, they do not improve sight already lost from glaucoma.",NIHSeniorHealth,Glaucoma
what research (or clinical trials) is being done for Glaucoma ?,"Through studies in the laboratory and with patients, the National Eye Institute is seeking better ways to detect, treat, and prevent vision loss in people with glaucoma. For example, researchers have discovered genes that could help explain how glaucoma damages the eye. NEI also is supporting studies to learn more about who is likely to get glaucoma, when to treat people who have increased eye pressure, and which treatment to use first.",NIHSeniorHealth,Glaucoma
Who is at risk for Glaucoma? ?,Encourage them to have a comprehensive dilated eye exam at least once every two years. Remember -- lowering eye pressure in glaucoma's early stages slows progression of the disease and helps save vision.  Get tips on finding an eye care professional.,NIHSeniorHealth,Glaucoma
What is (are) Glaucoma ?,"National Eye Institute  National Institutes of Health  2020 Vision Place  Bethesda, MD 20892-3655  301-496-5248  E-mail: 2020@nei.nih.gov  www.nei.nih.gov The Glaucoma Foundation  80 Maiden Lane, Suite 700  New York, NY 10038  212-285-0080 Glaucoma Research Foundation  251 Post Street, Suite 600  San Francisco, CA 94108  1-800-826-6693",NIHSeniorHealth,Glaucoma
What is (are) High Blood Pressure ?,"High blood pressure is a common disease in which blood flows through blood vessels (arteries) at higher than normal pressures. What Is Blood Pressure? Blood pressure is the force of blood pushing against the walls of the blood vessels as the heart pumps blood. If your blood pressure rises and stays high over time, its called high blood pressure. High blood pressure is dangerous because it makes the heart work too hard, and the high force of the blood flow can harm arteries and organs such as the heart, kidneys, brain, and eyes. Types of High Blood Pressure There are two main types of high blood pressure: primary and secondary high blood pressure. - Primary, or essential, high blood pressure is the most common type of high blood pressure. This type of high blood pressure tends to develop over years as a person ages.   - Secondary high blood pressure is caused by another medical condition or use of certain medicines. This type usually resolves after the cause is treated or removed. Primary, or essential, high blood pressure is the most common type of high blood pressure. This type of high blood pressure tends to develop over years as a person ages. Secondary high blood pressure is caused by another medical condition or use of certain medicines. This type usually resolves after the cause is treated or removed. Measuring Blood Pressure Blood pressure is always given as two numbers, the systolic and diastolic pressures. Both are important. - Systolic Pressure  is the pressure of blood against the artery walls when the heart beats.  -  Diastolic Pressure is the pressure of blood against the artery walls when the heart is at rest between beats. Systolic Pressure  is the pressure of blood against the artery walls when the heart beats.  Diastolic Pressure is the pressure of blood against the artery walls when the heart is at rest between beats. Usually these numbers are written one above or before the other -- for example, 120/80 mmHg. The top, or first, number is the systolic and the bottom, or second number, is the diastolic. If your blood pressure is 120/80, you say that it is ""120 over 80."" Normal Blood Pressure Normal blood pressure for adults is defined as a systolic pressure below 120 mmHg and a diastolic pressure below 80 mmHg. It is normal for blood pressures to change when you sleep, wake up, or are excited or nervous. When you are active, it is normal for your blood pressure to increase. However, once the activity stops, your blood pressure returns to your normal baseline range. Blood pressure normally rises with age and body size. Newborn babies often have very low blood pressure numbers that are considered normal for babies, while older teens have numbers similar to adults. Abnormal Blood Pressure Abnormal blood pressure is higher than 120/80 mmHg. If either your systolic or diastolic blood pressure is higher than normal (120/80) but not high enough to be considered high blood pressure (140/90), you have pre-hypertension. Pre-hypertension is a top number between 120 and 139 or a bottom number between 80 and 89 mmHg. For example, blood pressure readings of 138/82, 128/70, or 115/86 are all in the ""pre-hypertension"" range. (Click the table on the right to see the stages of high blood pressure in adults.) A systolic blood pressure of 140 mmHg or higher, or a diastolic blood pressure of 90 mmHg or higher, is considered high blood pressure, or hypertension. Hypertension is the medical term for high blood pressure. If you have diabetes or chronic kidney disease, your recommended blood pressure levels are a systolic blood pressure of 130 mmHg or lower, and a diastolic blood pressure of 80 mmHg or lower. Usually Has No Symptoms High blood pressure is often called ""the silent killer"" because it usually has no symptoms. Occasionally, headaches may occur. Some people may not find out they have high blood pressure until they have trouble with their heart, kidneys, or eyes. When high blood pressure is not diagnosed and treated, it can lead to other life-threatening conditions, including heart attack, heart failure, stroke, and kidney failure. It can also lead to vision changes or blindness. Possible Complications Over Time Over time, high blood pressure can cause - your heart to work too hard and become larger or weaker, which can lead to heart failure.   - small bulges (aneurysms) to worsen in your blood vessels. Common locations for aneurysms are the aorta, which is the main artery from the heart; the arteries in your brain, legs, and intestines; and the artery leading to your spleen.  - blood vessels in your kidneys to narrow, which can cause kidney failure.  - blood vessels in your eyes to burst or bleed, which can cause vision changes and can result in blindness.   - arteries throughout your body to ""harden"" faster, especially those in your heart, brain, kidneys, and legs. This can cause a heart attack, stroke, or kidney failure. your heart to work too hard and become larger or weaker, which can lead to heart failure. small bulges (aneurysms) to worsen in your blood vessels. Common locations for aneurysms are the aorta, which is the main artery from the heart; the arteries in your brain, legs, and intestines; and the artery leading to your spleen. blood vessels in your kidneys to narrow, which can cause kidney failure. blood vessels in your eyes to burst or bleed, which can cause vision changes and can result in blindness. arteries throughout your body to ""harden"" faster, especially those in your heart, brain, kidneys, and legs. This can cause a heart attack, stroke, or kidney failure.",NIHSeniorHealth,High Blood Pressure
What causes High Blood Pressure ?,"Changes in Body Functions Researchers continue to study how various changes in normal body functions cause high blood pressure. The key functions affected in high blood pressure include -  kidney fluid and salt balances  -  the renin-angiotensin-aldosterone system   - the sympathetic nervous system activity   - blood vessel structure and function. kidney fluid and salt balances the renin-angiotensin-aldosterone system the sympathetic nervous system activity blood vessel structure and function. Kidney Fluid and Salt Balances The kidneys normally regulate the bodys salt balance by retaining sodium and water and eliminating potassium. Imbalances in this kidney function can expand blood volumes, which can cause high blood pressure. Renin-Angiotensin-Aldosterone System The renin-angiotensin-aldosterone system makes angiotensin and aldosterone hormones. Angiotensin narrows or constricts blood vessels, which can lead to an increase in blood pressure. Aldosterone controls how the kidneys balance fluid and salt levels. Increased aldosterone levels or activity may change this kidney function, leading to increased blood volumes and high blood pressure. Sympathetic Nervous System Activity The sympathetic nervous system has important functions in blood pressure regulation, including heart rate, blood pressure, and breathing rate. Researchers are investigating whether imbalances in this system cause high blood pressure. Blood Vessel Structure and Function Changes in the structure and function of small and large arteries may contribute to high blood pressure. The angiotensin pathway and the immune system may stiffen small and large arteries, which can affect blood pressure. Genetic Causes High blood pressure often runs in families. Years of research have identified many genes and other mutations associated with high blood pressure. However, known genetic factors only account for 2 to 3 percent of all cases. Emerging research suggests that certain DNA changes before birth also may cause the development of high blood pressure later in life. Unhealthy Lifestyle Habits Unhealthy lifestyle habits can cause high blood pressure, including - high sodium intake and sodium sensitivity  - drinking too much alcohol  - lack of physical activity. high sodium intake and sodium sensitivity drinking too much alcohol lack of physical activity. Overweight and Obesity Research studies show that being overweight or obese can increase the resistance in the blood vessels, causing the heart to work harder and leading to high blood pressure. Medicines Prescription medicines such as asthma or hormone therapies (including birth control pills and estrogen) and over-the-counter medicines such as cold relief medicines may cause high blood pressure. This happens because medicines can - change the way your body controls fluid and salt balances  - cause your blood vessels to constrict  -  impact the renin-angiotensin-aldosterone system, leading to high blood pressure.  change the way your body controls fluid and salt balances cause your blood vessels to constrict impact the renin-angiotensin-aldosterone system, leading to high blood pressure. Other Causes Other causes of high blood pressure include medical conditions such as chronic kidney disease, sleep apnea, thyroid problems, or certain tumors. These conditions can change the way your body controls fluids, sodium, and hormones in your blood, which leads to secondary high blood pressure.",NIHSeniorHealth,High Blood Pressure
Who is at risk for High Blood Pressure? ?,"Not a Normal Part of Aging Nearly 1 in 3 American adults have high blood pressure. Many people get high blood pressure as they get older. However, getting high blood pressure is not a normal part of aging. There are things you can do to help keep your blood pressure normal, such as eating a healthy diet and getting more exercise. Risk Factors Anyone can develop high blood pressure. However, these factors can increase your risk for developing high blood pressure. -  age  - race or ethnicity  - being overweight  - gender  - lifestyle habits  - a family history of high blood pressure.  age race or ethnicity being overweight gender lifestyle habits a family history of high blood pressure. Age Blood pressure tends to rise with age. In fact, about 65 percent of Americans age 60 or older have high blood pressure. Race/Ethnicity High blood pressure is more common in African American adults than in Caucasian or Hispanic American adults. Compared with these ethnic groups, African Americans -  tend to get high blood pressure earlier in life  - often have higher blood pressure numbers  - are less likely to achieve target blood pressure goals with treatment. tend to get high blood pressure earlier in life often have higher blood pressure numbers are less likely to achieve target blood pressure goals with treatment. Overweight You are more likely to develop prehypertension or high blood pressure if youre overweight or obese. The terms overweight and obese refer to body weight thats greater than what is considered healthy for a certain height. Gender Before age 55, men are more likely than women to develop high blood pressure. After age 55, women are more likely than men to develop high blood pressure. Lifestyle Habits Unhealthy lifestyle habits can raise your risk for high blood pressure, and they include -  eating too much sodium or too little potassium   - lack of physical activity  - drinking too much alcohol  - smoking  - stress. eating too much sodium or too little potassium lack of physical activity drinking too much alcohol smoking stress. Family History A family history of high blood pressure raises the risk of developing prehypertension or high blood pressure. Some people have a high sensitivity to sodium and salt, which may increase their risk for high blood pressure and may run in families. Genetic causes of this condition are why family history is a risk factor for this condition.",NIHSeniorHealth,High Blood Pressure
How to prevent High Blood Pressure ?,"Steps You Can Take You can take steps to prevent high blood pressure by adopting these healthy lifestyle habits. - Follow a healthy eating plan.   - Be physically active.   - Maintain a healthy weight.  - If you drink alcoholic beverages, do so in moderation.   - Quit smoking.  - Learn to cope with and manage stress. Follow a healthy eating plan. Be physically active. Maintain a healthy weight. If you drink alcoholic beverages, do so in moderation. Quit smoking. Learn to cope with and manage stress. Follow a Healthy Eating Plan Follow a healthy eating plan that emphasizes fruits, vegetables, fat-free or low-fat milk and milk products, and whole grains, and that is low in saturated fat, cholesterol, and total fat. Eating this way is even more effective when you also reduce your sodium (salt) intake and calories. One such eating plan is called DASH. DASH stands for Dietary Approaches to Stop Hypertension. This is the name of a study sponsored by the National Institutes of Health that showed that this kind of eating plan can help you prevent and control high blood pressure. The study also showed that combining this kind of eating plan with cutting back on salt in your diet is even more effective at lowering your blood pressure. To learn more about DASH, see  Lowering Your Blood Pressure with DASH. Lower Your Salt Intake In general, the lower your salt intake, the lower your blood pressure. Older adults should limit their sodium intake to 2,300 milligrams (mg) daily. The key to reducing the amount of salt we eat is making wise food choices. Only a small amount of the salt that we eat comes from the salt shaker, and only small amounts occur naturally in food. Most of the salt that we eat comes from processed foods -- for example, canned or processed meat, baked goods, certain cereals, soy sauce, and foods that contain seasoned salts, monosodium glutamate (MSG), and baking soda. Food from fast food restaurants, frozen foods, and canned foods also tend to be higher in sodium. See tips to reduce salt in your diet. Read Food Labels Be sure to read food labels to choose products lower in salt. Look for foods and seasonings that are labeled as low-salt or ""no added salt."" Look for the sodium content in milligrams and the Percent Daily Value. Aim for foods that are less than 5 percent of the Daily Value of sodium. Foods with 20 percent or more Daily Value of sodium are considered high. To learn more about reading nutrition labels, see  Reading the Label. Be Physically Active  Regular physical activity can lower high blood pressure and reduce your risk for other health problems. Everyone should try to participate in moderate-intensity aerobic exercise at least 2 hours and 30 minutes per week, or vigorous-intensity aerobic exercise for 1 hour and 15 minutes per week. Aerobic exercise, such as brisk walking, is any exercise in which your heart beats harder and you use more oxygen than usual. The more active you are, the more you will benefit. Participate in aerobic exercise for at least 10 minutes at a time, spread throughout the week. (Watch the video to learn how exercise maintains healthy aging. To enlarge the video, click the brackets in the lower right-hand corner. To reduce the video, press the Escape (Esc) button on your keyboard.) Most people dont need to see a doctor before they start a moderate-level physical activity. You should check first with your doctor if you - have heart trouble or have had a heart attack   - are over age 50 and are not used to moderate-level physical activity  - have a family history of heart disease at an early age, or if you have any other serious health problem. have heart trouble or have had a heart attack are over age 50 and are not used to moderate-level physical activity have a family history of heart disease at an early age, or if you have any other serious health problem. See examples of exercises for older adults at Exercises to Try. For more on exercise and physical activity for older adults, visit Go4Life, the exercise and physical activity campaign from the National Institute on Aging. Maintain a Healthy Weight Maintaining a healthy weight can help you control high blood pressure and reduce your risk for other health problems. Blood pressure rises as body weight increases. Losing even 10 pounds can lower blood pressure -- and it has the greatest effect for those who are overweight and already have hypertension. A useful measure of overweight and obesity is body mass index (BMI). BMI measures your weight in relation to your height.  See the BMI calculator to determine your body mass index  or talk to your health care provider. A BMI -  below 18.5 is a sign that you are underweight.   - between 18.5 and 24.9 is in the healthy range.  - between 25 and 29.9 is considered overweight.  - of 30 or more is considered obese. below 18.5 is a sign that you are underweight. between 18.5 and 24.9 is in the healthy range. between 25 and 29.9 is considered overweight. of 30 or more is considered obese. A general goal to aim for is a BMI below 25. Your health care provider can help you set an appropriate BMI goal. Measuring waist circumference helps screen for possible health risks. If most of your fat is around your waist rather than at your hips, youre at a higher risk for heart disease and type 2 diabetes. This risk may be high with a waist size that is greater than 35 inches for women or greater than 40 inches for men. To learn how to measure your waist, visit  Assessing Your Weight and Health Risk. For more information about losing weight or maintaining your weight, see Aim for a Healthy Weight.  If You Drink  Drinking too much alcohol can raise your blood pressure. Alcohol also adds extra calories, which may cause weight gain. Men should have no more than two drinks a day, and women should have no more than one drink a day. If you drink and would like tips on how to cut back, watch the video ""How To Cut Back on Your Drinking."" (To enlarge the video, click the brackets in the lower right-hand corner. To reduce the video, press the Escape (Esc) button on your keyboard.) See how drinking alcohol can affect you as you age. Don't Smoke Smoking injures blood vessel walls and speeds up the process of hardening of the arteries. It increases your chances of stroke, heart disease, peripheral arterial disease, and several forms of cancer. If you smoke, quit. If you don't smoke, don't start. Once you quit, your risk of having a heart attack is reduced after the first year. So you have a lot to gain by quitting. See how to start a smoking quit plan geared to older adults.",NIHSeniorHealth,High Blood Pressure
What are the symptoms of High Blood Pressure ?,"High blood pressure is often called the ""silent killer"" because you can have it for years without knowing it. The only way to find out if you have high blood pressure is to have your blood pressure measured. Complications When blood pressure stays high over time, it can damage the body and cause complications. Here are some of the common complications, along with their signs and symptoms. - Aneurysms.  These occur when an abnormal bulge forms in the wall of an artery. Aneurysms develop and grow for years without causing signs or symptoms until they rupture, grow large enough to press on nearby body parts, or block blood flow. The signs and symptoms that develop depend on the location of the aneurysm.  - Chronic Kidney Disease. This disease occurs when blood vessels narrow in the kidneys, possibly causing kidney failure.  - Cognitive Changes  Research shows that over time, higher blood pressure numbers can lead to cognitive changes. Signs and symptoms include memory loss, difficulty finding words, and losing focus during conversations.  - Eye Damage. This condition occurs when blood vessels in the eyes burst or bleed. Signs and symptoms include vision changes or blindness.  - Heart Attack. This occurs when the flow of oxygen-rich blood to a section of heart muscle suddenly becomes blocked and the heart doesnt get oxygen. The most common warning symptoms of a heart attack are chest pain or discomfort, upper body discomfort, and shortness of breath.  - Heart Failure. This condition occurs when the heart cant pump enough blood to meet the bodys needs. Common signs and symptoms of heart failure include shortness of breath or trouble breathing; feeling tired; and swelling in the ankles, feet, legs, abdomen, and veins in the neck.  - Peripheral Arterial Disease. This is a disease in which plaque builds up in leg arteries and affects blood flow in the legs. When people have symptoms, the most common are pain, cramping, numbness, aching, or heaviness in the legs, feet, and buttocks after walking or climbing stairs.  - Stroke. A stroke occurs when the flow of oxygen-rich blood to a portion of the brain is blocked. The symptoms of a stroke include sudden onset of weakness; paralysis or numbness of the face, arms, or legs; trouble speaking or understanding speech; and trouble seeing.  Aneurysms.  These occur when an abnormal bulge forms in the wall of an artery. Aneurysms develop and grow for years without causing signs or symptoms until they rupture, grow large enough to press on nearby body parts, or block blood flow. The signs and symptoms that develop depend on the location of the aneurysm. Chronic Kidney Disease. This disease occurs when blood vessels narrow in the kidneys, possibly causing kidney failure. Cognitive Changes  Research shows that over time, higher blood pressure numbers can lead to cognitive changes. Signs and symptoms include memory loss, difficulty finding words, and losing focus during conversations. Eye Damage. This condition occurs when blood vessels in the eyes burst or bleed. Signs and symptoms include vision changes or blindness. Heart Attack. This occurs when the flow of oxygen-rich blood to a section of heart muscle suddenly becomes blocked and the heart doesnt get oxygen. The most common warning symptoms of a heart attack are chest pain or discomfort, upper body discomfort, and shortness of breath. Heart Failure. This condition occurs when the heart cant pump enough blood to meet the bodys needs. Common signs and symptoms of heart failure include shortness of breath or trouble breathing; feeling tired; and swelling in the ankles, feet, legs, abdomen, and veins in the neck. Peripheral Arterial Disease. This is a disease in which plaque builds up in leg arteries and affects blood flow in the legs. When people have symptoms, the most common are pain, cramping, numbness, aching, or heaviness in the legs, feet, and buttocks after walking or climbing stairs. Stroke. A stroke occurs when the flow of oxygen-rich blood to a portion of the brain is blocked. The symptoms of a stroke include sudden onset of weakness; paralysis or numbness of the face, arms, or legs; trouble speaking or understanding speech; and trouble seeing. How Blood Pressure Is Checked Your health care provider usually takes 23 readings at several medical appointments to diagnose high blood pressure. Based on the results of your blood pressure test, your health care provider will diagnose prehypertension or high blood pressure if your systolic or diastolic readings are consistently higher than 120/80 mmHg. Once your health care provider determines the severity of your blood pressure, he or she can order additional tests to determine if your blood pressure is due to other conditions or medicines or if you have primary high blood pressure. Health care providers can use this information to develop your treatment plan. Some people have white coat hypertension. This happens when blood pressure readings are only high when taken in a health care providers office compared with readings taken in any other location. Researchers believe stress, which can occur during the medical appointment, causes white coat hypertension. Preparing for the Test A blood pressure test is easy and painless and can be done in a health care providers office or clinic. To prepare for the test - dont drink coffee or smoke cigarettes for 30 minutes prior to the test   - go to the bathroom before the test. A full bladder can change the reading   - sit for 5 minutes before the test. dont drink coffee or smoke cigarettes for 30 minutes prior to the test go to the bathroom before the test. A full bladder can change the reading sit for 5 minutes before the test. To track blood pressure readings over a period of time, the health care provider may ask you to come into the office on different days and at different times to take your blood pressure. The health care provider also may ask you to check readings at home or at other locations that have blood pressure equipment and to keep a written log of all your results. Whenever you have an appointment with the health care provider, be sure to bring your log of blood pressure readings. Ask the doctor or nurse to tell you your blood pressure reading in numbers and to explain what the numbers mean. Write down your numbers or ask the doctor or nurse to write them down for you. Write Down Your Readings Ask the doctor or nurse to tell you your blood pressure reading in numbers and to explain what the numbers mean. Write down your numbers or ask the doctor or nurse to write them down for you. (The wallet card on the right can be printed out and used to record your blood pressure numbers.) Checking Your Own Blood Pressure You can also check your blood pressure at home with a home blood pressure measurement device or monitor. It is important that the blood pressure cuff fits you properly and that you understand how to use the monitor. A cuff that is too small, for example, can give you a reading that is higher than your actual blood pressure. Your doctor, nurse, or pharmacist can help you check the cuff size and teach you how to use it correctly. You may also ask for their help in choosing the right blood pressure monitor for you. Blood pressure monitors can be bought at discount chain stores and drug stores. When you are taking your blood pressure at home, sit with your back supported and your feet flat on the floor. Rest your arm on a table at the level of your heart. After a Diagnosis If you're diagnosed with high blood pressure, your doctor will prescribe treatment. Your blood pressure will be tested again to see how the treatment affects it. Once your blood pressure is under control, you'll still need treatment. ""Under control"" means that your blood pressure numbers are in the normal range. Your doctor will likely recommend routine blood pressure tests. He or she can tell you how often you should be tested. The sooner you find out about high blood pressure and treat it, the better. Early treatment may help you avoid problems such as heart attack, stroke and kidney failure. See tips for talking with your doctor after you receive a medical diagnosis.",NIHSeniorHealth,High Blood Pressure
What is (are) High Blood Pressure ?,"Blood pressure is the force of blood pushing against the walls of the blood vessels as the heart pumps blood. If your blood pressure rises and stays high over time, its called high blood pressure. High blood pressure is dangerous because it makes the heart work too hard, and the high force of the blood flow can harm arteries and organs such as the heart, kidneys, brain, and eyes.",NIHSeniorHealth,High Blood Pressure
What is (are) High Blood Pressure ?,"Normal blood pressure for adults is defined as a systolic pressure below 120 mmHg and a diastolic pressure below 80 mmHg. It is normal for blood pressures to change when you sleep, wake up, or are excited or nervous. When you are active, it is normal for your blood pressure to increase. However, once the activity stops, your blood pressure returns to your normal baseline range. Blood pressure normally rises with age and body size. Newborn babies often have very low blood pressure numbers that are considered normal for babies, while older teens have numbers similar to adults.",NIHSeniorHealth,High Blood Pressure
What is (are) High Blood Pressure ?,"High blood pressure is a common disease in which blood flows through blood vessels (arteries) at higher than normal pressures. There are two main types of high blood pressure: primary and secondary high blood pressure. Primary, or essential, high blood pressure is the most common type of high blood pressure. This type of high blood pressure tends to develop over years as a person ages. Secondary high blood pressure is caused by another medical condition or use of certain medicines. This type usually resolves after the cause is treated or removed.",NIHSeniorHealth,High Blood Pressure
What is (are) High Blood Pressure ?,"Abnormal blood pressure is higher than 120/80 mmHg. If either your systolic or diastolic blood pressure is higher than normal (120/80) but not high enough to be considered high blood pressure (140/90), you have pre-hypertension. Pre-hypertension is a top number between 120 and 139 or a bottom number between 80 and 89 mmHg. For example, blood pressure readings of 138/82, 128/70, or 115/86 are all in the ""pre-hypertension"" range. (Click the table on the right to see the stages of high blood pressure in adults.) The ranges in the table are blood pressure guides for adults who do not have any short-term serious illnesses. People with diabetes or chronic kidney disease should keep their blood pressure below 130/80 mmHg.",NIHSeniorHealth,High Blood Pressure
How to prevent High Blood Pressure ?,"You can take steps to help prevent high blood pressure by adopting these healthy lifestyle habits. - Follow a healthy eating plan like DASH (Dietary Approaches to Stop Hypertension), which emphasizes fruits, vegetables, fat-free and low-fat milk and milk products, and whole grains, fish, poultry, beans, seeds, and nuts, and choose and prepare foods with less sodium (salt). See how the  DASH diet (Dietary Approaches to Stop Hypertension) can help with blood pressure control. Follow a healthy eating plan like DASH (Dietary Approaches to Stop Hypertension), which emphasizes fruits, vegetables, fat-free and low-fat milk and milk products, and whole grains, fish, poultry, beans, seeds, and nuts, and choose and prepare foods with less sodium (salt). See how the  DASH diet (Dietary Approaches to Stop Hypertension) can help with blood pressure control.  - Be physically active for at least 2 and one-half hours a week. Check out  Exercises to Try for older adults, or visit  Go4Life, the exercise and physical activity campaign from the National Institute on Aging. (Watch the video to learn how exercise helps maintain healthy aging. To enlarge the video, click the brackets in the lower right-hand corner. To reduce the video, press the Escape (Esc) button on your keyboard.)  Be physically active for at least 2 and one-half hours a week. Check out  Exercises to Try for older adults, or visit  Go4Life, the exercise and physical activity campaign from the National Institute on Aging. (Watch the video to learn how exercise helps maintain healthy aging. To enlarge the video, click the brackets in the lower right-hand corner. To reduce the video, press the Escape (Esc) button on your keyboard.) - Maintain a healthy weight and lose weight if you are overweight or obese. Body mass index (BMI) and waist circumference are measures used to determine if someone is overweight or obese.  See the BMI calculator to determine your body mass index.  Maintain a healthy weight and lose weight if you are overweight or obese. Body mass index (BMI) and waist circumference are measures used to determine if someone is overweight or obese.  See the BMI calculator to determine your body mass index. - If you drink alcoholic beverages, do so in moderation: no more than one drink a day for women, no more than two drinks a day for men.  If you drink alcoholic beverages, do so in moderation: no more than one drink a day for women, no more than two drinks a day for men. - Quit smoking, or don't start smoking. To get help quitting, call 1 (800) QUIT-NOW or check out  Quitting Smoking for Older Adults. Quit smoking, or don't start smoking. To get help quitting, call 1 (800) QUIT-NOW or check out  Quitting Smoking for Older Adults. - Learn to manage stress. Learn about relaxation techniques that may relieve tension.   Learn to manage stress. Learn about relaxation techniques that may relieve tension.",NIHSeniorHealth,High Blood Pressure
How to diagnose High Blood Pressure ?,"If you are diagnosed with high blood pressure, here are questions to ask your doctor. -   Your Blood Pressure Numbers       - What is my blood pressure reading in numbers?    - What is my goal blood pressure?    - Is my blood pressure under adequate control?    - Is my systolic pressure too high (over 140)?      Your Blood Pressure Numbers     - What is my blood pressure reading in numbers?   - What is my goal blood pressure?   - Is my blood pressure under adequate control?   - Is my systolic pressure too high (over 140)?   - What is my blood pressure reading in numbers?  - What is my goal blood pressure?  - Is my blood pressure under adequate control?  - Is my systolic pressure too high (over 140)? What is my blood pressure reading in numbers? What is my goal blood pressure? Is my blood pressure under adequate control? Is my systolic pressure too high (over 140)? -   Healthy Lifestyle Habits       - What would be a healthy weight for me?    - Is there a diet to help me lose weight (if I need to) and lower my blood pressure?    - Is there a recommended healthy eating plan I should follow to help lower my blood pressure (if I dont need to lose weight)?    - Is it safe for me to start doing regular physical activity?      Healthy Lifestyle Habits     - What would be a healthy weight for me?   - Is there a diet to help me lose weight (if I need to) and lower my blood pressure?   - Is there a recommended healthy eating plan I should follow to help lower my blood pressure (if I dont need to lose weight)?   - Is it safe for me to start doing regular physical activity?   - What would be a healthy weight for me?  - Is there a diet to help me lose weight (if I need to) and lower my blood pressure?  - Is there a recommended healthy eating plan I should follow to help lower my blood pressure (if I dont need to lose weight)?  - Is it safe for me to start doing regular physical activity? What would be a healthy weight for me? Is there a diet to help me lose weight (if I need to) and lower my blood pressure? Is there a recommended healthy eating plan I should follow to help lower my blood pressure (if I dont need to lose weight)? Is it safe for me to start doing regular physical activity? -   Medications       - What is the name of my blood pressure medication?     - Is that the brand name or the generic name?    - What are the possible side effects of my medication? (Be sure the doctor knows about any allergies you have and any other medications you are taking, including over-the-counter drugs, vitamins, and dietary supplements.)    - What time of day should I take my blood pressure medicine?    - Are there any foods, beverages, or dietary supplements I should avoid when taking this medicine?    - What should I do if I forget to take my blood pressure medicine at the recommended time? Should I take it as soon as I remember or should I wait until the next dosage is due?      Medications     - What is the name of my blood pressure medication?    - Is that the brand name or the generic name?   - What are the possible side effects of my medication? (Be sure the doctor knows about any allergies you have and any other medications you are taking, including over-the-counter drugs, vitamins, and dietary supplements.)   - What time of day should I take my blood pressure medicine?   - Are there any foods, beverages, or dietary supplements I should avoid when taking this medicine?   - What should I do if I forget to take my blood pressure medicine at the recommended time? Should I take it as soon as I remember or should I wait until the next dosage is due?   - What is the name of my blood pressure medication?   - Is that the brand name or the generic name?  - What are the possible side effects of my medication? (Be sure the doctor knows about any allergies you have and any other medications you are taking, including over-the-counter drugs, vitamins, and dietary supplements.)  - What time of day should I take my blood pressure medicine?  - Are there any foods, beverages, or dietary supplements I should avoid when taking this medicine?  - What should I do if I forget to take my blood pressure medicine at the recommended time? Should I take it as soon as I remember or should I wait until the next dosage is due? What is the name of my blood pressure medication? Is that the brand name or the generic name? What are the possible side effects of my medication? (Be sure the doctor knows about any allergies you have and any other medications you are taking, including over-the-counter drugs, vitamins, and dietary supplements.) What time of day should I take my blood pressure medicine? Are there any foods, beverages, or dietary supplements I should avoid when taking this medicine? What should I do if I forget to take my blood pressure medicine at the recommended time? Should I take it as soon as I remember or should I wait until the next dosage is due?",NIHSeniorHealth,High Blood Pressure
What are the treatments for High Blood Pressure ?,"High blood pressure is treated with lifestyle changes and medicines. Treatment can help control blood pressure, but it will not cure high blood pressure, even if your blood pressure readings appear normal. If you stop treatment, your blood pressure and risk for related health problems will rise. For a healthy future, follow your treatment plan closely. Work with your health care team for lifelong blood pressure control.",NIHSeniorHealth,High Blood Pressure
What are the treatments for High Blood Pressure ?,"In most cases, the goal is probably to keep your blood pressure below 140/90 mmHg (130/80 if you have diabetes or chronic kidney disease). Normal blood pressure is less than 120/80. Ask your doctor what your blood pressure goal should be. If you have high blood pressure, you will need to treat it and control it for life. This means making lifestyle changes, and, in some cases, taking prescribed medicines, and getting ongoing medical care.",NIHSeniorHealth,High Blood Pressure
What are the treatments for High Blood Pressure ?,"Today, many different types of medicines are available to control high blood pressure. These medicines work in different ways. Some lower blood pressure by removing extra fluid and salt from your body. Others affect blood pressure by slowing down the heartbeat, or by relaxing and widening blood vessels. Often, two or more drugs work better than one. Here are the types of medicines used to treat high blood pressure. -   Diuretics (water or fluid Pills)  flush excess sodium from your body, which reduces the amount of fluid in your blood and helps to lower your blood pressure. Diuretics are often used with other high blood pressure medicines, sometimes in one combined pill.   -  Beta Blockers help your heart beat slower and with less force. As a result, your heart pumps less blood through your blood vessels, which can help to lower your blood pressure.  -  Angiotensin-Converting Enzyme (ACE) Inhibitors. Angiotensin-II is a hormone that narrows blood vessels, increasing blood pressure. ACE converts Angiotensin I to Angiotensin II. ACE inhibitors block this process, which stops the production of Angiotensin II, lowering blood pressure.  -  Angiotensin II Receptor Blockers (ARBs) block angiotensin II hormone from binding with receptors in the blood vessels. When angiotensin II is blocked, the blood vessels do not constrict or narrow, which can lower your blood pressure.  -  Calcium Channel Blockers keep calcium from entering the muscle cells of your heart and blood vessels. This allows blood vessels to relax, which can lower your blood pressure.   -  Alpha Blockers reduce nerve impulses that tighten blood vessels. This allows blood to flow more freely, causing blood pressure to go down.  -  Alpha-Beta Blockers reduce nerve impulses the same way alpha blockers do. However, like beta blockers, they also slow the heartbeat. As a result, blood pressure goes down.  -  Central Acting Agents act in the brain to decrease nerve signals that narrow blood vessels, which can lower blood pressure.  -  Vasodilators relax the muscles in blood vessel walls, which can lower blood pressure.   Diuretics (water or fluid Pills)  flush excess sodium from your body, which reduces the amount of fluid in your blood and helps to lower your blood pressure. Diuretics are often used with other high blood pressure medicines, sometimes in one combined pill. Beta Blockers help your heart beat slower and with less force. As a result, your heart pumps less blood through your blood vessels, which can help to lower your blood pressure. Angiotensin-Converting Enzyme (ACE) Inhibitors. Angiotensin-II is a hormone that narrows blood vessels, increasing blood pressure. ACE converts Angiotensin I to Angiotensin II. ACE inhibitors block this process, which stops the production of Angiotensin II, lowering blood pressure. Angiotensin II Receptor Blockers (ARBs) block angiotensin II hormone from binding with receptors in the blood vessels. When angiotensin II is blocked, the blood vessels do not constrict or narrow, which can lower your blood pressure. Calcium Channel Blockers keep calcium from entering the muscle cells of your heart and blood vessels. This allows blood vessels to relax, which can lower your blood pressure. Alpha Blockers reduce nerve impulses that tighten blood vessels. This allows blood to flow more freely, causing blood pressure to go down. Alpha-Beta Blockers reduce nerve impulses the same way alpha blockers do. However, like beta blockers, they also slow the heartbeat. As a result, blood pressure goes down. Central Acting Agents act in the brain to decrease nerve signals that narrow blood vessels, which can lower blood pressure. Vasodilators relax the muscles in blood vessel walls, which can lower blood pressure.",NIHSeniorHealth,High Blood Pressure
How to prevent High Blood Pressure ?,"Two key measures are used to determine if someone is overweight or obese. These are body mass index, or BMI, and waist circumference. Body mass index (BMI) is a measure of weight in relation to height, and provides an estimate of your total body fat. As your BMI goes up, so do your chances of getting high blood pressure, heart disease, and other health problems. A BMI -  below 18.5 is a sign that you are underweight.  - between 18.5 and 24.9 is in the healthy range.  - between 25 and 29.9 is considered overweight.  - of 30 or more is considered obese.  below 18.5 is a sign that you are underweight. between 18.5 and 24.9 is in the healthy range. between 25 and 29.9 is considered overweight. of 30 or more is considered obese. See the Body Mass Index Table, available from the National Heart, Lung, and Blood Institute (NHLBI). Body mass index (BMI) applies to both men and women, but it does have some limits. - It may overestimate body fat in in someone who is very muscular or who has swelling from fluid retention (called edema)  - It may underestimate body fat in older persons and others who have lost muscle mass. It may overestimate body fat in in someone who is very muscular or who has swelling from fluid retention (called edema) It may underestimate body fat in older persons and others who have lost muscle mass. Thats why waist measurement is often checked as well. Another reason is that too much body fat in the stomach area also increases disease risk. A waist measurement of more than 35 inches in women and more than 40 inches in men is considered high.",NIHSeniorHealth,High Blood Pressure
What is (are) High Blood Pressure ?,"Blood pressure rises as body weight increases. Losing even 10 pounds can lower blood pressure -- and it has the greatest effect for those who are overweight and already have hypertension. If you are overweight or obese, work with your health care provider to develop a plan to help you lower your weight and maintain a healthy weight. Aim to reduce your weight by 7 to 10 percent over six months, which can lower your risk for health problems. For example, if you are overweight at 200 pounds, try to lose 14 to 20 pounds over six months. After that, you may have to continue to lose weight to get to a healthy weight.",NIHSeniorHealth,High Blood Pressure
What is (are) High Blood Pressure ?,"""DASH"" stands for ""Dietary Approaches to Stop Hypertension."" This is the name of a clinical study that tested the effects of nutrients in food on blood pressure. Study results indicated that you can reduce high blood pressure by following an eating plan that emphasizes fruits, vegetables, and fat-free or low-fat milk and milk products, and that is low in saturated fat, cholesterol, total fat, and added sugars. The DASH eating plan also includes whole grains, poultry, fish, and nuts, and has reduced amounts of red meats, sweets, added sugars, and beverages containing sugars. A second study, called ""DASH-Sodium,"" showed that eating less salt also lowered blood pressure in people following either the DASH eating plan or the typical American diet. But those following DASH, especially those with high blood pressure, benefited the most. For more information on using the DASH eating plan, see  Your Guide to Lowering Your Blood Pressure with DASH.",NIHSeniorHealth,High Blood Pressure
What is (are) High Blood Pressure ?,"Only a small amount of the salt that we eat comes from the salt shaker, and only small amounts occur naturally in food. Most of the salt that we eat comes from processed foods -- for example, canned or processed meat, baked goods, and certain cereals, and foods with soy sauce, seasoned salts, monosodium glutamate (MSG), and baking soda. Food from fast food restaurants, frozen foods, and canned foods also tend to be higher in sodium.",NIHSeniorHealth,High Blood Pressure
What is (are) High Blood Pressure ?,"Older adults should limit their sodium (salt) intake to 1,500 mg a day. That's about 2/3 of a teaspoon of salt. Here are tips to reduce salt in your diet. - Buy fresh, plain frozen, or canned with no salt added vegetables. Choose foods packed in water instead of broth or salt.   -  Use fresh poultry, fish, and lean meat, rather than canned or processed types.  - Use herbs, spices, and salt-free seasoning blends in cooking and at the table.  - Cook rice, pasta, and hot cereal without salt. Cut back on instant or flavored rice, pasta, and cereal mixes, which usually have added salt.  - Choose convenience foods that are low in sodium. Cut back on frozen dinners, pizza, packaged mixes, canned soups or broths, and salad dressingsthese often have a lot of sodium.  - Rinse canned foods, such as tuna, to remove some sodium.  - When available, buy low- or reduced-sodium or no-salt-added versions of foods.   - Choose ready-to-eat breakfast cereals that are low in sodium.  Buy fresh, plain frozen, or canned with no salt added vegetables. Choose foods packed in water instead of broth or salt. Use fresh poultry, fish, and lean meat, rather than canned or processed types. Use herbs, spices, and salt-free seasoning blends in cooking and at the table. Cook rice, pasta, and hot cereal without salt. Cut back on instant or flavored rice, pasta, and cereal mixes, which usually have added salt. Choose convenience foods that are low in sodium. Cut back on frozen dinners, pizza, packaged mixes, canned soups or broths, and salad dressingsthese often have a lot of sodium. Rinse canned foods, such as tuna, to remove some sodium. When available, buy low- or reduced-sodium or no-salt-added versions of foods. Choose ready-to-eat breakfast cereals that are low in sodium.",NIHSeniorHealth,High Blood Pressure
What is (are) Paget's Disease of Bone ?,"Enlarged and Misshapen Bones Paget's disease of bone causes affected bones to become enlarged and misshapen. Our bones are living tissue, and our bodies are constantly breaking down old bone and replacing it with new bone. In Paget's disease, however, old bone is broken down and replaced at a faster rate than normal. The new bone is larger and weaker than normal bone. Paget's disease can occur in any bone in the body, but it is most common in the pelvis, spine, skull, and leg bones. It may occur in just one bone or in several bones, but it does not affect the entire skeleton or spread from affected bones to normal bones. Common symptoms include pain, misshapen bones, and a greater chance of broken bones. Complications Paget's disease can also lead to complications, such as arthritis, headaches, hearing loss, or nervous system problems, depending on which bones are affected. If not treated, Paget's disease can reduce a person's ability to perform activities of daily living, thereby reducing quality of life. Although it is the second most common bone disease after osteoporosis, Paget's disease is still uncommon. According to Bone Health and Osteoporosis: A Report of the Surgeon General, an estimated 1 million people in the U.S. have Paget's disease, or about 1.3 people per 100 men and women age 45-74. The disease is more common in older people and those of Northern European heritage. Men are more likely than women to have the disease. Cause is Unknown Paget's disease is named after the British surgeon, Sir James Paget, who first identified the disease in 1877. Researchers are not sure what causes it. Heredity may be a factor in some cases. Research suggests that a close relative of someone with Paget's disease is seven times more likely to develop the disease than someone without an affected relative. However, most people with Paget's disease do not have any relatives with the disease. Researchers think the disease also may be caused by other factors, such as a slow-acting virus. A Treatable Disease The good news is that Paget's disease of bone is treatable, especially if it is diagnosed early. In recent years, the Food and Drug Administration has approved several medications that can stop or slow the disease's progression. In some cases, surgery can help patients manage the symptoms and complications of the disease.",NIHSeniorHealth,Paget's Disease of Bone
What are the symptoms of Paget's Disease of Bone ?,"Symptoms Many people don't know they have Paget's disease because they have a mild case of the disease and do not have any symptoms. However, people with more advanced cases of the disease will likely have symptoms. Symptoms vary depending on which bone or bones are affected. People with Paget's disease may experience - bone pain  - misshapen bones  - fractures  - osteoarthritis of the joints adjacent to bone affected by the disease.  bone pain misshapen bones fractures osteoarthritis of the joints adjacent to bone affected by the disease. Paget's disease can also cause a variety of neurological complications as a result of compression of nerve tissue by bone affected by the disease. Misshapen bone is most obvious when the leg bones, skull, or bones of the spine are affected. Leg bones may become bowed, the skull may become enlarged, and malformed spinal bones may cause curvature of the spine. Complications People with Paget's disease also are more likely to break bones because bones affected by the disease are more fragile. Enlarged and malformed bones can distort the position of bones and joints. This causes wear and tear on the joints next to bones affected by Paget's disease, resulting in arthritis. On very rare occasions, Paget's disease is linked to the development of osteosarcoma, a type of bone cancer. Less than one percent of patients have this complication.",NIHSeniorHealth,Paget's Disease of Bone
How to diagnose Paget's Disease of Bone ?,"An Underdiagnosed Disease Experts believe that Paget's disease is underdiagnosed; people with a mild case and no symptoms may never know they have the disease. Or, they may receive a diagnosis by accident when x-rays or other laboratory tests done for another reason reveal Paget's disease. When symptoms do occur, they usually appear gradually and, in the early stages, may be confused with those of arthritis or other medical problems. Sometimes a person may not receive a clear diagnosis until the disease progresses and complications develop. Diagnostic Tests X-rays are almost always used to diagnose Paget's disease, but the disease may be discovered using one of three tests: - x-rays  -  an alkaline phosphatase blood test  -  or a bone scan. x-rays an alkaline phosphatase blood test or a bone scan. Bones affected by Paget's disease have a distinctive appearance on x-rays, which may show increased bone density, an abnormal bone structure, bowing, and enlargement. X-rays of leg bones may show very tiny fractures called microfractures. The enzyme alkaline phosphatase is involved in the normal growth of new bone. Having higher-than-normal levels of this chemical in the blood, however, may be a sign of Paget's disease. The alkaline phosphatase blood test measures the level of this substance. A bone scan provides a picture of the affected bones that doctors can use to see how far the disease has progressed. If a bone scan done for another reason suggests Paget's disease, the doctor can order x-rays to confirm the diagnosis. If the Disease Runs in the Family Early diagnosis and treatment of Paget's disease is important. Because Paget's disease can be hereditary, some experts recommend that the brothers, sisters, and children of anyone with the disease talk to their doctor about having an alkaline phosphatase blood test every 2 to 3 years after about age 40.",NIHSeniorHealth,Paget's Disease of Bone
What are the treatments for Paget's Disease of Bone ?,"Early Diagnosis is Important Although there is no cure for Paget's disease of bone, it is treatable. Treatment is most effective when the disease is diagnosed early, before it causes major changes in the affected bones. The goal of treatment is to relieve bone pain and prevent the disease from progressing. Medications Are Available The Food and Drug Administration has approved several medications that can stop or slow down the progression of the disease and reduce pain and other symptoms. These medications fall into two categories: bisphosphonates and calcitonin. Both medications work by stopping or reducing the excessive breakdown of old bone that leads to excessive formation of new, but weaker, bone. People with Paget's disease should talk to their doctors about which medication is right for them. Bisphosphonates Six bisphosphonates are currently available for patients with Paget's disease. Doctors most commonly recommend the strongest ones, which include - risedronate  - alendronate   - pamidronate   - zoledronic acid   - tiludronate and etidronate are not as strong but may be appropriate for some patients.  risedronate alendronate pamidronate zoledronic acid tiludronate and etidronate are not as strong but may be appropriate for some patients. Some of the bisphosphonates approved for the treatment of Paget's disease, including risedronate and alendronate, are also approved for the treatment of osteoporosis. However, people with Paget's disease must take higher dosages of these medicines for shorter periods of time than people with osteoporosis. Calcitonin Doctors also may prescribe calcitonin to treat Paget's disease in some people, although it has been found to be less effective than bisphosphonates. Calcitonin is a naturally occurring hormone made by the thyroid gland. Your doctor may recommend that you repeat calcitonin treatments with brief rest periods in between treatments. The nasal spray form of calcitonin is not recommended or approved to treat Paget's disease. Surgery Surgery may be a treatment option for some people. Hip or knee replacement surgery may help people with severe arthritis. Surgery can also realign affected leg bones to reduce pain or help broken bones heal in a better position. Nutrition and Exercise Good nutrition and exercise are important for bone health, and that is true for people with Paget's disease as well. Women over age 50 should consume 1,200 milligrams (mg) of calcium daily. Men between the ages of 51 and 70 should consume 1,000 mg of calcium a day, and men over 70 should consume 1,200 mg per day. People ages 51 to 70 should consume at least 600 international units (IU) of vitamin D daily. People over age 70 should consume at least 800 IUs daily. Calcium keeps bones strong, and vitamin D helps the body absorb calcium. Exercise is very important in maintaining bone health, avoiding weight gain, and keeping joints mobile. However, people with Paget's disease need to avoid putting too much stress on affected bones. They should discuss their exercise program with their doctor to make sure it is a good one for them. Finding New Treatments Recently, there have been major advances in the treatment of Paget's disease of bone. Research into new treatments continues. Some researchers are trying to identify the genetic and viral causes of the disease. Other researchers are learning more about bone biology to better understand how the body breaks down old bone and replaces it with new bone.",NIHSeniorHealth,Paget's Disease of Bone
What is (are) Paget's Disease of Bone ?,"Paget's disease of bone is a disease that causes affected bones to become enlarged and misshapen. Our bones are living tissue, and our bodies are constantly breaking down old bone and replacing it with new bone. In Paget's disease, however, old bone is broken down and replaced at a faster rate than normal. The new bone is larger and weaker than normal bone.",NIHSeniorHealth,Paget's Disease of Bone
What are the symptoms of Paget's Disease of Bone ?,"Pain may be a symptom, especially among people with more advanced Paget's disease. Affected bones also can become enlarged, misshapen, and more fragile and likely to break. Misshapen bones tend to be most noticeable in the legs, skull, and spine.",NIHSeniorHealth,Paget's Disease of Bone
What are the complications of Paget's Disease of Bone ?,"Over time, Paget's disease may lead to other medical conditions, including arthritis, headaches, hearing loss, and nervous system problems, depending on which bones are affected. On very rare occasions, Paget's disease is associated with the development of osteosarcoma, a type of bone cancer. Less than one percent of patients have this complication.",NIHSeniorHealth,Paget's Disease of Bone
How to diagnose Paget's Disease of Bone ?,"Paget's disease is almost always diagnosed by x-ray, although it may be discovered using one of two other tests: an alkaline phosphatase blood test or a bone scan. Paget's disease is often found by accident when a person undergoes one of these tests for another reason. In other cases, a person experiences problems that lead his or her physician to order these tests. If Paget's disease is first suggested by an alkaline phosphatase blood test or bone scan, the physician usually orders an x-ray to verify the diagnosis. A bone scan is typically used to identify all the bones in the skeleton that are affected by the disease.",NIHSeniorHealth,Paget's Disease of Bone
What are the treatments for Paget's Disease of Bone ?,"The Food and Drug Administration has approved several medications that can stop or slow down the progression of the disease and reduce pain and other symptoms. These medications fall into two categories: bisphosphonates and calcitonin. Doctors most often prescribe one of the four strongest bisphosphonates, which are risedronate, alendronate, pamidronate, and zoledronic acid.",NIHSeniorHealth,Paget's Disease of Bone
What are the treatments for Paget's Disease of Bone ?,Yes. Some complications from Paget's disease respond well to surgery. Joint replacement may be helpful in people with severe arthritis of the hip or knee. Surgery can also realign affected leg bones to reduce pain or help broken bones heal in a better position.,NIHSeniorHealth,Paget's Disease of Bone
What is (are) Urinary Tract Infections ?,"A Common Problem With Aging Urinary tract infections (UTIs) are a common bladder problem, especially as people age. UTIs are the second most common type of infection in the body. Each year, UTIs cause more than 8 million visits to health care providers. UTIs can happen anywhere in the urinary system (which includes the kidneys, bladder, and urethra). But UTIs are most common in the bladder. A UTI in the bladder is called cystitis. Infections in the bladder can spread to the kidneys. A UTI in the kidneys is called pyelonephritis. Sometimes, a UTI can also develop in the urethra, but this is less common. A UTI in the urethra is called urethritis. Some UTIs Lead to Severe Problems Most UTIs are not serious. But some UTIs, such as kidney infections, can lead to severe problems. Bacteria from a kidney infection may spread to the bloodstream, causing a life-threatening condition called septicemia. When kidney infections occur frequently or last a long time, they may cause permanent damage to the kidneys, including kidney scars, poor kidney function, and high blood pressure.",NIHSeniorHealth,Urinary Tract Infections
What causes Urinary Tract Infections ?,"Most urinary tract infections, or UTIs, are caused by bacteria that enter the urethra and then the bladder. A type of bacteria that normally lives in the bowel (called E. coli) causes most UTIs. UTIs can also be caused by fungus (another type of germ). Who Gets UTIs? Although everyone has some risk for UTIs, some people are more likely to get UTIs than others. These include people who have - spinal cord injuries or other nerve damage around the bladder.  - a blockage in the urinary tract that can trap urine in the bladder. The blockage can be caused by kidney stones, an enlarged prostate, or a birth defect.  - diabetes  - problems with the bodys natural defense (or immune) system  - pelvic organ prolapse, which is when pelvic organs (such as the bladder, rectum, or uterus) shift out of their normal position into the vagina. When pelvic organs are out of place, they can push on the bladder and urethra and make it hard to fully empty the bladder. This causes urine to stay in the bladder. When urine stays in the bladder too long, it makes an infection more likely spinal cord injuries or other nerve damage around the bladder. a blockage in the urinary tract that can trap urine in the bladder. The blockage can be caused by kidney stones, an enlarged prostate, or a birth defect. diabetes problems with the bodys natural defense (or immune) system pelvic organ prolapse, which is when pelvic organs (such as the bladder, rectum, or uterus) shift out of their normal position into the vagina. When pelvic organs are out of place, they can push on the bladder and urethra and make it hard to fully empty the bladder. This causes urine to stay in the bladder. When urine stays in the bladder too long, it makes an infection more likely UTIs in Women More than half of women will have at least one UTI in their lifetime. Women are more likely than men to get UTIs because they have a shorter urethra, making it easier for bacteria to reach the bladder. Also, the bowel and urethral openings are closer together in women than in men, making it easier for E. coli (a bacteria that lives in the bowel) to travel from the bowel to the urethra. Many women suffer from frequent UTIs. Some women have 3 or more UTIs a year. However, very few women will have frequent UTIs throughout their lives. More typically, a woman will have a period of 1 or 2 years with frequent UTIs. After this period, the UTIs may stop or happen less often. Older women are more likely to get UTIs because the bladder muscles weaken and make it hard to fully empty the bladder. This causes urine to stay in the bladder. When urine stays in the bladder too long, it makes an infection more likely. UTIs in Men Men are less likely than women to have a first UTI. But once a man has a UTI, he is likely to have another. Bacteria from a UTI can spread to the prostate. Once there, the bacteria can hide deep inside prostate tissue. Prostate infections are hard to cure because antibiotics may not be able to reach the infected prostate tissue. Activities That Can Increase Risk - Having sex. Sexual activity can move bacteria from the bowel or vaginal cavity to the urethral opening. Urinating after sex lowers the risk of infection.  - Using a catheter to urinate. A catheter is a tube placed in the urethra and bladder to help people empty the bladder. The catheter can make a direct path for bacteria to reach the bladder.  - Using certain birth controls. Diaphragms can bring bacteria with them when they are placed. Spermicides (a birth control that kills sperm) may also make UTIs more likely. Having sex. Sexual activity can move bacteria from the bowel or vaginal cavity to the urethral opening. Urinating after sex lowers the risk of infection. Using a catheter to urinate. A catheter is a tube placed in the urethra and bladder to help people empty the bladder. The catheter can make a direct path for bacteria to reach the bladder. Using certain birth controls. Diaphragms can bring bacteria with them when they are placed. Spermicides (a birth control that kills sperm) may also make UTIs more likely.",NIHSeniorHealth,Urinary Tract Infections
What are the symptoms of Urinary Tract Infections ?,"Symptoms of a urinary tract infection (UTI) in the bladder may include - cloudy, bloody, or foul-smelling urine  - pain or burning during urination  - strong and frequent need to urinate, even right after emptying the bladder  - a mild fever below 101 degrees Fahrenheit in some people. cloudy, bloody, or foul-smelling urine pain or burning during urination strong and frequent need to urinate, even right after emptying the bladder a mild fever below 101 degrees Fahrenheit in some people. If the UTI spreads to the kidneys, symptoms may include - chills and shaking   - night sweats  - feeling tired or generally ill   - fever above 101 degrees Fahrenheit  - pain in the side, back, or groin  - flushed, warm, or reddened skin  - mental changes or confusion   - nausea and vomiting  - very bad abdominal pain in some people. chills and shaking night sweats feeling tired or generally ill fever above 101 degrees Fahrenheit pain in the side, back, or groin flushed, warm, or reddened skin mental changes or confusion nausea and vomiting very bad abdominal pain in some people. Symptoms May Vary Symptoms may differ depending on age, gender, and catheter use. In some elderly people, mental changes and confusion may be the only signs of a UTI. Older women and men with a UTI are more likely to be tired, shaky, and weak. They are also more likely to have muscle aches and abdominal pain. In a person with a catheter, the only symptom may be fever that does not have another likely cause. Germs without Symptoms Some people may have germs in the bladder or urinary tract, but not feel any symptoms. If a urine test shows that you have germs in your urine, but you do not feel any symptoms, you may not need any treatment. If you have germs in your urine but you feel okay, talk to your health care provider about whether antibiotics -- the medications that treat UTIs -- are needed. Diagnosis  To find out if a person has a UTI, the health care provider will ask about symptoms. He or she will then test a sample of urine. The urine test looks for bacteria that may cause the infection. The urine test also looks for white blood cells, which the body makes to fight infection. Because healthy people sometimes have bacteria in their urine, both bacteria and white blood cells must be in the urine to diagnose a UTI. If a person has UTIs often, the health care provider may order some extra tests to see if the persons urinary tract is normal. (Watch the video to learn more about what to expect when seeking help for a bladder problem. To enlarge the video, click the brackets in the lower right-hand corner. To reduce the video, press the Escape (Esc) button on your keyboard.)",NIHSeniorHealth,Urinary Tract Infections
How to prevent Urinary Tract Infections ?,"Changing some of these daily habits may help prevent urinary tract infections (UTIs). - Wipe from front to back after using the toilet. Women should wipe from front to back to keep bacteria from getting into the urethra. This step is most important after a bowel movement. Wipe from front to back after using the toilet. Women should wipe from front to back to keep bacteria from getting into the urethra. This step is most important after a bowel movement. - Drink lots of fluids, especially water. Fluids can help flush bacteria from the urinary system. Water is best. Most healthy people should try to drink six to eight, 8-ounce glasses of fluid each day. (Some people need to drink less water because of certain conditions. For example, if you have kidney failure or heart disease, you should not drink this much fluid. Ask your health care provider how much fluid is healthy for you.) Drink lots of fluids, especially water. Fluids can help flush bacteria from the urinary system. Water is best. Most healthy people should try to drink six to eight, 8-ounce glasses of fluid each day. (Some people need to drink less water because of certain conditions. For example, if you have kidney failure or heart disease, you should not drink this much fluid. Ask your health care provider how much fluid is healthy for you.) - Urinate often and when the urge arises. Try to urinate at least every 3 to 4 hours. Bacteria are more likely to grow in the bladder when urine stays in the bladder too long.  Urinate often and when the urge arises. Try to urinate at least every 3 to 4 hours. Bacteria are more likely to grow in the bladder when urine stays in the bladder too long. - Urinate after sex. Both women and men should urinate shortly after sex to flush away bacteria that may have entered the urethra during sex.  Urinate after sex. Both women and men should urinate shortly after sex to flush away bacteria that may have entered the urethra during sex. - Wear cotton underwear and loose-fitting clothes. Wearing looser, cotton clothing will allow air to keep the area around the urethra dry. Tight-fitting jeans and nylon underwear should be avoided because they can trap moisture and help bacteria grow. Wear cotton underwear and loose-fitting clothes. Wearing looser, cotton clothing will allow air to keep the area around the urethra dry. Tight-fitting jeans and nylon underwear should be avoided because they can trap moisture and help bacteria grow. Cranberry Juice Drinking cranberry juice or taking cranberry supplements may also help prevent UTIs. Some studies have shown that cranberry products make UTIs less likely, especially in people who get UTIs often. But in other studies, cranberry products did not help.",NIHSeniorHealth,Urinary Tract Infections
What is (are) Urinary Tract Infections ?,"Urinary tract infections (UTI) are a common bladder problem, especially as people age. UTIs are the second most common type of infection in the body. Each year, UTIs cause more than 8 million visits to health care providers. UTIs can happen anywhere in the urinary system (which includes the kidneys, bladder, and urethra). But UTIs are most common in the bladder. A UTI in the bladder is called cystitis. Infections in the bladder can spread to the kidneys. A UTI in the kidneys is called pyelonephritis. Sometimes, a UTI can also develop in the urethra, but this is less common. A UTI in the urethra is called urethritis. Learn more about urinary tract infections in adults.",NIHSeniorHealth,Urinary Tract Infections
What are the symptoms of Urinary Tract Infections ?,"Symptoms of a UTI in the bladder may include - cloudy, bloody, or foul-smelling urine  - pain or burning during urination  - strong and frequent need to urinate, even right after emptying the bladder  - a mild fever below 101 degrees Fahrenheit in some people. cloudy, bloody, or foul-smelling urine pain or burning during urination strong and frequent need to urinate, even right after emptying the bladder a mild fever below 101 degrees Fahrenheit in some people. If the UTI spreads to the kidneys, symptoms may include - chills and shaking   - night sweats  - feeling tired or generally ill   - fever above 101 degrees Fahrenheit  - pain in the side, back, or groin  - flushed, warm, or reddened skin  - mental changes or confusion   - nausea and vomiting  - very bad abdominal pain in some people. chills and shaking night sweats feeling tired or generally ill fever above 101 degrees Fahrenheit pain in the side, back, or groin flushed, warm, or reddened skin mental changes or confusion nausea and vomiting very bad abdominal pain in some people. Symptoms may differ depending on age, gender, and catheter use. In some elderly people, mental changes and confusion may be the only signs of a UTI. Older women and men with a UTI are more likely to be tired, shaky, and weak. They are also more likely to have muscle aches and abdominal pain. In a person with a catheter, the only symptom may be fever that does not have another likely cause. Learn more about the signs and symptoms of urinary tract infections in adults.",NIHSeniorHealth,Urinary Tract Infections
